ORGANIZACION,NOMBRE,A3,WEB,YOUTUBE
ARCOR Villa Mercedes,Mejora en la Carga de Exportaciones a granel,31° Encuentro - ARCOR Villa Mercedes - Mejora en la carga de exportaciones a granel,https://sameco.org.ar/biblioteca/mejora-en-la-carga-de-exportaciones-a-granel/,https://youtu.be/6zCmsMOLoFw
Secretaría de Ciencia y Tecnología de Santiago del Estero,Planificación Anual Operativa de la Secretaría de Ciencia y Tecnología de Santiago del Estero,31° Encuentro - Secretaria de Ciencia y Tecnología SdE - Planificación Anual Operativa,https://sameco.org.ar/biblioteca/planificacion-anual-operativa/,https://youtu.be/OtehuRXH0Zc
BRIDGESTONE,Aumentar la productividad y reducir los costos,31° Encuentro - Bridgestone - Aumentar la productividad y reducir los costos,https://sameco.org.ar/biblioteca/aumentar-la-productividad-y-reducir-los-costos/,https://youtu.be/zFthlE9kp8c
LA SIBILA,Optimización del Estuchado de Sticks,31° Encuentro - La Sibila - Optimización del estuchado de sticks,https://sameco.org.ar/biblioteca/optimizacion-del-estuchado-de-sticks/,https://youtu.be/Km7uhm_wFLs
Molinos,Reducción de pérdida en Disponibilidad Programada en Línea de Bizcochos Sin TACC,31° Encuentro - Molinos - Reducción de pérdida en Disponibilidad Programada en Línea de Bizcochos Sin TACC,https://sameco.org.ar/biblioteca/reduccion-de-perdida-en-disponibilidad/,https://youtu.be/L3hGo_g2-x0
Saint-Gobain,Acelerar la transformación cultural y fortalecer la excelencia operacional mediante metodologías World Class Manufacturing,31° Encuentro - Saint Gobain - Acelerar la transformación cultural y fortalecer la excelencia operacional mediante metodologías World Class Manufacturing,https://sameco.org.ar/biblioteca/transformacion-cultural-mediante-wcm/,
Litoral Gas,Digitalización del proceso de inspecciones domiciliarias,31° Encuentro - Litoral Gas - Digitalización del proceso de inspecciones domiciliarias,https://sameco.org.ar/biblioteca/digitalizacion-del-proceso-de-inspecciones-domiciliarias/,https://youtu.be/zMw3DFWjcBE
HPC - AIPA,Abordaje integral a personas con amputación en internación,31° Encuentro - HPC AIPA - Abordaje integral a personas con amputación en internación,https://sameco.org.ar/biblioteca/abordaje-integral-a-personas-con-amputacion-en-internacion/,https://youtu.be/pP-fNQH75Q4
Pampa Energía,"Bienestar en acción: pequeños hábitos, grandes cambios.","31° Encuentro - Pampa energía - Bienestar en acción: pequeños hábitos, grandes cambios",https://sameco.org.ar/biblioteca/bienestar-en-accion-pequenos-habitos-grandes-cambios/,https://youtu.be/p0xkX2zb0Ow
ARCOR Tucuman,Mejora de eficiencia productiva y disminución de restos en líneas de caramelo bicapa (MENTHOPLUS 2),31° Encuentro - ARCOR Misiones - Eliminación de válvulas pegada,https://sameco.org.ar/biblioteca/mejora-de-eficiencia-productiva/,https://youtu.be/AetS5mWwthM
ARCOR Misiones,Eliminación de válvulas pegada,31° Encuentro - ARCOR Misiones - Eliminación de válvulas pegada,https://sameco.org.ar/biblioteca/eliminacion-de-valvulas-pegada/,https://youtu.be/f3cEmhhQH5U
PRUNE,Transformar la fabricación de carteras dentro de la planta,31° Encuentro - Prune - Transformar la fabricación de carteras dentro de la planta,https://sameco.org.ar/biblioteca/transformar-la-fabricacion-de-carteras-dentro-de-la-planta/,
Enviopack,Programa 5S en Enviopack: de un área piloto a todos los centros de distribución,31° Encuentro - EnvioPack - Programa 5S: de un área piloto a todos los centros de distribución,https://sameco.org.ar/biblioteca/implementacion-programa-5s-enviopack/,https://youtu.be/2E5kjY_4rEs
Escorial,Escorial un lugar donde todos pueden participar,31° Encuentro - Escorial - Un lugar donde todos pueden participar.pdf,https://sameco.org.ar/biblioteca/un-lugar-donde-todos-pueden-participar/,https://youtu.be/zCaMAZLKu4I
CIE Enseñanza,Competencias clave para liderar Mejora Continua,31° Encuentro - CIE Enseñanza SAMECO - Trabajos Técnicos Competencias clave de la mejora continua,https://sameco.org.ar/biblioteca/el-nuevo-perfil-de-la-mejora-continua/,https://youtu.be/GGARBAxY-g8
ArcelorMittal,Optimización de rectitud de palanquillas SAE 4140,31° Encuentro - ArcelorMittal Acindar - Optimización de rectitud de palanquillas SAE 4140,https://sameco.org.ar/biblioteca/optimizacion-de-rectitud-de-palanquillas-sae-4140/,https://youtu.be/0UOhpcyAT-0
KT+ TULSA,Implementación de documentacion tecnica de producto 3D con Metodología Model Based Definition (MBD),31° Encuentro - TULSA KT+ - Implementación de documentacion tecnica de producto 3D con Metodología Model Based Definition (MBD).pdf,https://sameco.org.ar/biblioteca/implementacion-de-documentacion-tecnica-de-producto-3d-con-metodologia-model-based-definition-mbd/?preview=true,
KT+ Power Chain SA,Kaizen Digital para la identificación de oportunidades de mejora en estampado,31° Encuentro - KT+ POWER CHAIN SA - Kaizen Digital para la identificación de oportunidades de mejora en estampado,https://sameco.org.ar/biblioteca/kaizen-digital-en-estampado/,
KT+ Trabajo investigación,Medición de la circularidad en PyMEs argentinas: resultados y aprendizajes del primer ciclo KT+,31° Encuentro - KT+ Trabajo investigación - Medición de la circularidad en PyMEs argentinas,https://sameco.org.ar/biblioteca/medicion-de-la-circularidad-en-pymes-argentinas/?preview=true,
HPC Oftalmología,"Mejora en el circuito prequirúrgico oftalmologia - Menos consultas, más resultados",31° Encuentro - HPC Oftalmología - Menos consultas más resultados,https://sameco.org.ar/biblioteca/menos-consultas-mas-resultados-mejora-en-el-circuito-prequirurgico-oftalmologia/,https://youtu.be/mnAmssYXgUo
HPC Gestion Orden,Gestión: Orden electrónica quirúrgica,31° Encuentro - HPC - Gestión Orden electrónica quirúrgica,https://sameco.org.ar/biblioteca/gestion-orden-electronica-quirurgica/,https://youtu.be/F6NEPGlyJj4
DISTRICON,Optimización de la trazabilidad de remitos por mercadería entregada en Districon,31° Encuentro - DISTRICON - Optimización de la trazabilidad de remitos por mercadería entregada,https://sameco.org.ar/biblioteca/optimizacion-de-la-trazabilidad-de-remitos-por-mercaderia-entregada/,https://youtu.be/2qHDCmo-9cE
NATACLOR,Mejora del Proceso de Producción de Gel Clarificador,31° Encuentro - Nataclor - Mejora del Proceso de Producción de Gel Clarificador,https://sameco.org.ar/biblioteca/mejora-del-proceso-de-produccion-de-gel-clarificador/,https://youtu.be/HRU8LSkjogQ
UADE,Diseño de Experimentos de Taguchi para la Optimización del Pulido de Metales,31° Encuentro - Bombas NIR UADE - Diseño de Experimentos de Taguchi para la Optimización del Pulido de Metales.pdf,https://sameco.org.ar/biblioteca/diseno-de-experimentos-de-taguchi-para-la-optimizacion-del-pulido-de-metales,https://youtu.be/XmEr_gu5LaI
