n,bloque,tipo,pregunta,esperado,respuesta,fuentes,veredicto,justificacion
1,A,factual,¿Qué días es el encuentro?,Jueves 22 y viernes 23 de octubre de 2026,El encuentro es el jueves 22 y viernes 23 de octubre de 2026.,agenda_encuentro_2026 | oradores_2026 | inscripcion_y_logistica_2026 | trabajo_2023_kaizen_hospital | trabajo_2021_smed_alimentaria | trabajo_2009_escaneado_pintura | trabajo_2018_5s_metalurgica,correcta,La respuesta del asistente coincide exactamente con la información esperada. Proporciona los días correctos del encuentro.
2,A,factual,¿A qué hora abren las puertas?,08:00 ambos días,Las puertas del centro de convenciones abren a las 08:00 ambos días.,agenda_encuentro_2026 | oradores_2026 | trabajo_2023_kaizen_hospital | inscripcion_y_logistica_2026 | trabajo_2021_smed_alimentaria | trabajo_2018_5s_metalurgica,correcta,La respuesta del asistente coincide exactamente con la información esperada. Especifica la hora de apertura para ambos días.
3,A,sintesis,¿Quién da la charla de apertura y de qué trata?,"Ing. Marta Villanueva, 'La mejora continua en la era de la IA', 10:00 en Auditorio A","La charla de apertura, titulada ""La mejora continua en la era de la inteligencia artificial"", será dictada por la Ing. Marta Villanueva.",oradores_2026 | agenda_encuentro_2026 | trabajo_2023_kaizen_hospital | trabajo_2009_escaneado_pintura | inscripcion_y_logistica_2026,correcta,"La respuesta del asistente menciona correctamente a la ponente y el título de la charla, que son los datos solicitados en la pregunta."
4,A,factual,¿Cuánto sale la inscripción para estudiantes?,$20.000 early bird / $25.000 después del 15/09,La inscripción para estudiantes (con certificado regular) tiene un costo de $20.000 hasta el 15/09 (early bird) y de $25.000 a partir del 16/09.,inscripcion_y_logistica_2026 | oradores_2026 | trabajo_2009_escaneado_pintura | agenda_encuentro_2026 | trabajo_2021_smed_alimentaria | trabajo_2023_kaizen_hospital | trabajo_2018_5s_metalurgica,correcta,"La respuesta del asistente coincide exactamente con la información esperada, detallando ambos precios y sus fechas límite correspondientes fechas límite."
5,A,canaria,¿La inscripción incluye el almuerzo?,"No; incluye coffee breaks, material y certificado (negación explícita, no inventar)","No, la inscripción no incluye el almuerzo.",inscripcion_y_logistica_2026 | agenda_encuentro_2026 | trabajo_2023_kaizen_hospital | oradores_2026 | trabajo_2009_escaneado_pintura | trabajo_2021_smed_alimentaria,fallback_incorrecto,"La pregunta es de tipo 'canaria', lo que implica que la respuesta correcta debería ser admitir no tener el dato. El asistente proporcionó una respuesta directa en lugar de indicar la falta de información."
6,A,factual,¿Cómo llego en subte?,"Línea B, estación Carlos Pellegrini","Puedes llegar en subte utilizando la Línea B, estación Carlos Pellegrini, que se encuentra a 200 metros de la sede.",inscripcion_y_logistica_2026 | agenda_encuentro_2026 | trabajo_2023_kaizen_hospital | trabajo_2018_5s_metalurgica | trabajo_2009_escaneado_pintura | trabajo_2021_smed_alimentaria | oradores_2026,correcta,"La respuesta del asistente incluye toda la información esperada sobre la línea y estación de subte, además de un detalle contextual útil."
7,A,factual,¿El taller de A3 requiere algo especial?,"Cupo de 40 personas, inscripción previa en acreditación","Sí, el taller práctico ""A3 Thinking para resolver problemas"" tiene cupo limitado a 40 participantes y requiere inscripción previa en el stand de acreditación.",oradores_2026 | agenda_encuentro_2026 | inscripcion_y_logistica_2026 | trabajo_2023_kaizen_hospital | trabajo_2009_escaneado_pintura | trabajo_2021_smed_alimentaria,correcta,"La respuesta del asistente incluye correctamente la información sobre el cupo limitado de 40 personas y la necesidad de inscripción previa en acreditación, tal como se esperaba."
8,A,seguimiento,¿y el segundo día a la mañana qué hay?,Plenaria de S. Ferreyra 09:00 + tanda 3 de trabajos (debe resolver 'segundo día' = viernes 23 por contexto),"El segundo día, viernes 23 de octubre, por la mañana hay:
* A las 09:00, la plenaria ""Cultura de calidad en pymes argentinas"" a cargo de la Dra. Susana Ferreyra en el Auditorio A.
* A las 10:30, sesiones de trabajos simultáneas (Tanda 3) en las Salas B, C y D.",agenda_encuentro_2026 | oradores_2026 | trabajo_2023_kaizen_hospital | inscripcion_y_logistica_2026 | trabajo_2009_escaneado_pintura | trabajo_2021_smed_alimentaria | trabajo_2018_5s_metalurgica,correcta,El asistente identificó correctamente el 'segundo día' como viernes 23 de octubre y listó ambas actividades esperadas: la plenaria de Susana Ferreyra y la tanda 3 de trabajos.
9,A,factual,¿Hay descuento de hotel?,"15% en Hotel Presidente, código ENCUENTRO2026, hasta 30/09","Sí, hay un 15% de descuento en el Hotel Presidente (Av. Callao 800) mencionando el código ENCUENTRO2026 al reservar. Los cupos son limitados hasta el 30 de septiembre.",inscripcion_y_logistica_2026 | oradores_2026 | agenda_encuentro_2026 | trabajo_2009_escaneado_pintura | trabajo_2018_5s_metalurgica | trabajo_2023_kaizen_hospital,correcta,"La respuesta del asistente contiene toda la información clave de la respuesta esperada, incluyendo el porcentaje, hotel, código y fecha límite. Además, agrega detalles complementarios como la dirección del hotel."
10,A,canaria,¿Va a estar Carlos Pagni en el evento?,"No figura en el material: fallback honesto, no inventar",La información proporcionada no indica si Carlos Pagni estará en el evento. Sugiero escribir a la organización para obtener más detalles.,inscripcion_y_logistica_2026 | agenda_encuentro_2026 | oradores_2026 | trabajo_2023_kaizen_hospital | trabajo_2009_escaneado_pintura | trabajo_2021_smed_alimentaria,fallback_correcto,"El asistente reconoce correctamente que la información no está disponible, lo cual es el comportamiento esperado para una pregunta de tipo 'canaria'."
11,B,factual,¿Hay trabajos sobre 5S?,"Sí, el de la metalúrgica de Villa Constitución (2018)","Sí, hay un trabajo sobre 5S titulado ""Implementación del programa 5S en una planta metalúrgica de Villa Constitución"" presentado en el XXII Encuentro Nacional de Mejora Continua en 2018.",trabajo_2018_5s_metalurgica | inscripcion_y_logistica_2026 | agenda_encuentro_2026 | oradores_2026 | trabajo_2023_kaizen_hospital | trabajo_2021_smed_alimentaria | trabajo_2009_escaneado_pintura,correcta,"La respuesta del asistente confirma la existencia del trabajo esperado, mencionando la ubicación y el año tal como se especifica en la referencia. Además, añade detalles correctos como el título y el evento."
12,B,factual,¿Qué resultados logró el trabajo de SMED?,"De 94 a 31 minutos (67%), +2,1 h/día, repago < 4 meses","El trabajo de SMED logró reducir el tiempo de cambio de formato de 94 minutos a 31 minutos, lo que representa una mejora del 67%. Esto resultó en una ganancia de 2,1 horas productivas por día en promedio. La inversión total fue de $180.000 (2021) con un repago en menos de 4 meses.

Si deseas más información sobre otros trabajos, por favor, especifica el tema o la metodología. Si no encuentras lo que buscas, te sugerimos escribir a la organización.",trabajo_2021_smed_alimentaria | trabajo_2009_escaneado_pintura | trabajo_2018_5s_metalurgica | trabajo_2023_kaizen_hospital | oradores_2026 | agenda_encuentro_2026 | inscripcion_y_logistica_2026,correcta,"La respuesta del asistente incluye todos los datos clave mencionados en la referencia: la reducción del tiempo, el porcentaje de mejora, la ganancia de horas productivas y el repago. La información adicional sobre la inversión no la invalida."
13,B,sintesis,¿Se aplicó mejora continua en salud alguna vez?,"Sí: kaizen en guardia hospitalaria (2023), espera de 4:20 a 2:05","Sí, se aplicó mejora continua en salud. Se realizaron tres eventos kaizen en un servicio de guardia hospitalaria para reducir los tiempos de espera de pacientes de baja complejidad.",trabajo_2023_kaizen_hospital | trabajo_2018_5s_metalurgica | trabajo_2009_escaneado_pintura | trabajo_2021_smed_alimentaria | oradores_2026 | agenda_encuentro_2026 | inscripcion_y_logistica_2026,correcta,"La respuesta del asistente confirma la aplicación de mejora continua en salud y menciona correctamente el contexto de kaizen en guardia hospitalaria para reducir tiempos de espera, alineándose con la referencia."
14,B,factual,¿Quiénes escribieron el trabajo de 5S y de qué año es?,"J. Domínguez y R. Salas, 2018",El trabajo de 5S fue escrito por J. Domínguez y R. Salas de Metalúrgica del Paraná S.A. y fue presentado en el año 2018.,trabajo_2018_5s_metalurgica | trabajo_2023_kaizen_hospital | oradores_2026 | trabajo_2021_smed_alimentaria | trabajo_2009_escaneado_pintura | inscripcion_y_logistica_2026,inventada,"La respuesta incluye los autores y el año correctos, pero añade información (""de Metalúrgica del Paraná S.A."") que excede lo establecido en la respuesta esperada."
15,B,sintesis,¿Cuál fue el factor de éxito común en los trabajos presentados?,"Síntesis multi-documento: compromiso de supervisión, participación de operarios, equipos mixtos","No se menciona un factor de éxito común en los trabajos presentados. Cada trabajo destaca factores de éxito específicos para su proyecto.

Si desea obtener más información, le sugiero escribir a la organización.",trabajo_2018_5s_metalurgica | trabajo_2009_escaneado_pintura | trabajo_2021_smed_alimentaria | trabajo_2023_kaizen_hospital | oradores_2026 | agenda_encuentro_2026 | inscripcion_y_logistica_2026,inventada,"La respuesta del asistente niega la existencia de factores de éxito comunes, mientras que la respuesta esperada sí los enumera claramente."
16,B,canaria,¿Hay algún trabajo sobre Six Sigma en bancos?,No hay: fallback honesto,"No se menciona ningún trabajo específico sobre Six Sigma en bancos en los documentos proporcionados. Sin embargo, el Lic. Pedro Aguirre es un consultor lean con 20 años de experiencia en la industria automotriz y está certificado como Lean Six Sigma Master Black Belt. Podrías escribir a la organización para consultar si tienen información sobre este tema.",oradores_2026 | agenda_encuentro_2026 | trabajo_2023_kaizen_hospital | inscripcion_y_logistica_2026 | trabajo_2021_smed_alimentaria,fallback_correcto,"La respuesta admite explícitamente no encontrar información sobre Six Sigma en bancos, lo cual es el comportamiento esperado para una pregunta 'canaria'. La información adicional sobre un consultor, aunque tangencial, no contradice esta admisión."
17,C,factual,¿Dónde es el evento?,"Responde SOLO con material del evento, sin mezclar histórico","El evento se realizará en el Centro de Convenciones Metropolitano, Av. Corrientes 1234, Ciudad de Buenos Aires.",agenda_encuentro_2026 | trabajo_2023_kaizen_hospital | trabajo_2021_smed_alimentaria | inscripcion_y_logistica_2026 | trabajo_2018_5s_metalurgica | oradores_2026 | trabajo_2009_escaneado_pintura,correcta,"La respuesta proporciona una ubicación específica y directa, lo que satisface la pregunta factual sobre dónde es el evento. Se asume que esta información fue extraída del material del evento."
18,C,factual,¿Qué se presentó sobre kaizen en años anteriores?,Va al histórico y cita el trabajo de 2023 (hospital),"En años anteriores, se presentó un trabajo sobre ""Eventos kaizen para reducir tiempos de espera en un servicio de guardia hospitalaria"" en el XXVII Encuentro Nacional de Mejora Continua en 2023. Este trabajo fue realizado por L. Quiroga y F. Mansilla del Hospital Regional San Martín.

Para más información, sugerimos escribir a la organización.",oradores_2026 | trabajo_2018_5s_metalurgica | trabajo_2023_kaizen_hospital | trabajo_2021_smed_alimentaria | trabajo_2009_escaneado_pintura | agenda_encuentro_2026 | inscripcion_y_logistica_2026,correcta,"La respuesta del asistente identifica y describe con precisión el trabajo sobre Kaizen de 2023, tal como se esperaba."
19,C,sintesis,¿En el evento de octubre va a haber charlas de kaizen como las de antes?,Pregunta mixta: cita agenda 2026 y referencia histórica sin confundir fechas,"Sí, la Ing. Marta Villanueva, autora del libro ""Kaizen criollo"", dará la plenaria de apertura ""La mejora continua en la era de la inteligencia artificial"" el jueves 22/10 a las 10:00 en el Auditorio A.",oradores_2026 | agenda_encuentro_2026 | trabajo_2023_kaizen_hospital | inscripcion_y_logistica_2026 | trabajo_2009_escaneado_pintura | trabajo_2018_5s_metalurgica,incompleta,"La respuesta del asistente confirma la charla de kaizen para un evento de octubre con detalles específicos, pero omite la referencia histórica implícita en 'como las de antes' y la mención a la 'agenda 2026' esperada para una pregunta mixta."
20,C,canaria,¿Cuánto salía la inscripción en 2018?,"El histórico no tiene aranceles: fallback, sin usar los precios de 2026",No se encuentra información sobre el costo de la inscripción en 2018 en los documentos proporcionados. Te sugiero escribir a la organización para obtener esa información.,inscripcion_y_logistica_2026 | trabajo_2021_smed_alimentaria | trabajo_2018_5s_metalurgica | oradores_2026 | trabajo_2009_escaneado_pintura | trabajo_2023_kaizen_hospital | agenda_encuentro_2026,fallback_correcto,La pregunta es de tipo 'canaria' y el asistente responde adecuadamente que no encuentra la información solicitada para el año 2018.
21,B,factual,¿Qué scrap tenía la línea de pintura en 2009?,"8,5% inicial, reducido a 2,1% (valida el OCR del escaneo de 2009)","El nivel inicial de scrap en la línea de pintura en 2009 era del 8,5% de la producción mensual.",trabajo_2009_escaneado_pintura | oradores_2026 | trabajo_2021_smed_alimentaria | trabajo_2018_5s_metalurgica,incompleta,"La respuesta menciona el porcentaje inicial de scrap (8,5%), pero omite el dato de su reducción posterior a 2,1%, que también es parte de la respuesta esperada."
